,Time casa,Time visitante,Gols casa,Gols visitante,Tentativas de gol casa,Tentativas de gol visitante,Chutes para fora casa,Chutes para fora visitante,Defesa casa,Defesa visitante,Escanteios casa,Escanteios visitante,Cobranças de falta casa,Cobranças de falta visitante,Faltas casa,Faltas visitante,Impedimentos casa,Impedimentos visitante
0,São Paulo FC,Sport Recife,0,0,16,8,11,4,1,3,6,2,20,16,17,21,1,2
1,Cruzeiro EC,Mirassol FC,2,1,8,16,5,5,5,0,2,6,20,18,18,21,1,2
2,Grêmio FBPA,Atlético Mineiro,2,1,12,22,4,5,6,3,1,11,5,17,19,5,1,4
3,Fortaleza EC,Fluminense FC,2,0,5,15,2,9,1,1,4,5,5,15,16,5,4,1
4,EC Juventude,EC Vitória,2,0,9,14,3,3,5,2,3,5,16,16,16,16,0,0
5,CR Flamengo,SC Internacional,1,1,19,5,11,1,0,4,4,2,16,10,10,17,5,1
6,SE Palmeiras,Botafogo FR,0,0,13,13,6,5,5,3,2,2,22,17,18,22,1,0
7,CR Vasco da Gama,Santos FC,2,1,12,11,6,5,1,3,2,3,11,11,11,12,1,0
8,EC Bahia,SC Corinthians,1,1,14,9,6,3,3,4,3,5,15,15,16,15,1,1
9,RB Bragantino,Ceará SC,2,2,18,13,6,6,4,5,9,2,13,13,14,13,2,1
10,SC Corinthians,CR Vasco da Gama,3,0,6,10,2,6,3,1,1,4,15,18,18,16,1,1
11,Ceará SC,Grêmio FBPA,2,0,12,12,5,5,3,4,3,10,16,7,9,18,3,3
12,Botafogo FR,EC Juventude,2,0,16,14,7,7,3,4,3,3,7,12,14,7,1,5
13,Atlético Mineiro,São Paulo FC,0,0,25,6,6,1,4,6,12,4,12,16,16,12,0,1
14,Mirassol FC,Fortaleza EC,1,1,20,7,9,2,2,4,8,1,12,12,15,12,5,3
15,SC Internacional,Cruzeiro EC,3,0,24,6,7,4,1,7,9,2,11,15,19,11,3,3
16,EC Vitória,CR Flamengo,1,2,5,14,1,5,5,2,2,6,16,7,7,17,3,0
17,Sport Recife,SE Palmeiras,1,2,9,7,2,3,2,1,6,3,19,16,17,21,1,0
18,Santos FC,EC Bahia,2,2,22,10,7,5,1,4,9,3,14,13,13,16,4,0
19,RB Bragantino,Botafogo FR,1,0,11,12,2,8,2,2,3,8,11,17,19,11,0,2
20,EC Juventude,Ceará SC,2,1,17,8,10,4,1,1,4,3,15,14,14,15,3,0
21,SE Palmeiras,SC Corinthians,2,0,13,8,7,5,1,3,1,3,18,17,17,18,3,0
22,CR Vasco da Gama,Sport Recife,3,1,10,18,4,5,2,3,1,10,13,10,11,14,0,1
23,EC Bahia,Mirassol FC,1,1,17,5,6,2,2,1,10,2,10,11,11,10,2,3
24,São Paulo FC,Cruzeiro EC,1,1,11,15,4,5,1,1,4,6,20,13,14,21,1,0
25,Grêmio FBPA,CR Flamengo,0,2,10,8,4,3,2,2,3,4,14,11,11,14,1,0
26,Fluminense FC,Santos FC,1,0,13,4,5,3,1,3,3,3,21,14,16,22,1,2
27,Fortaleza EC,SC Internacional,0,0,10,9,6,5,1,1,5,5,13,10,12,13,2,0
28,Atlético Mineiro,EC Vitória,2,2,34,9,10,3,2,8,16,3,10,8,8,10,2,0
29,Ceará SC,CR Vasco da Gama,2,1,11,11,7,6,2,0,1,2,12,13,14,12,1,2
30,Botafogo FR,São Paulo FC,2,2,23,14,9,6,2,6,9,4,4,11,11,4,1,2
31,Mirassol FC,Grêmio FBPA,4,1,11,16,3,4,5,2,2,7,16,12,12,16,1,0
32,Sport Recife,RB Bragantino,0,1,21,16,7,6,6,6,9,3,11,9,10,12,4,3
33,SC Corinthians,Fluminense FC,0,2,10,8,7,2,2,2,7,4,12,12,12,13,0,0
34,SC Internacional,SE Palmeiras,0,1,11,12,4,2,3,2,1,6,14,14,15,16,1,4
35,CR Flamengo,EC Juventude,6,0,18,4,6,2,1,2,6,0,12,14,14,12,0,1
36,Santos FC,Atlético Mineiro,2,0,11,16,4,8,4,3,3,6,17,10,11,18,0,4
37,EC Vitória,Fortaleza EC,2,1,15,9,3,5,3,6,5,5,8,15,15,10,4,4
38,Cruzeiro EC,EC Bahia,3,0,14,7,5,5,1,5,4,5,9,14,15,9,2,0
39,SC Corinthians,Sport Recife,2,1,17,10,9,7,1,2,5,4,12,11,11,12,4,0
40,CR Vasco da Gama,CR Flamengo,0,0,6,17,4,9,7,1,2,11,8,12,14,10,1,1
41,Grêmio FBPA,SC Internacional,1,1,8,14,4,5,4,2,3,7,14,13,14,14,1,1
42,EC Juventude,Mirassol FC,2,2,19,25,7,4,4,4,5,3,10,17,18,10,1,0
43,Atlético Mineiro,Botafogo FR,1,0,13,7,5,2,2,5,8,4,13,13,13,14,1,1
44,Fluminense FC,EC Vitória,1,1,11,7,6,0,2,4,6,4,13,12,12,14,1,1
45,Fortaleza EC,SE Palmeiras,1,2,13,6,7,1,1,3,8,2,12,11,12,13,1,4
46,RB Bragantino,Cruzeiro EC,1,0,20,12,10,5,3,5,4,9,12,16,17,13,1,1
47,EC Bahia,Ceará SC,1,0,13,10,8,5,2,3,3,4,18,14,14,18,5,1
48,SC Internacional,EC Juventude,3,1,13,4,3,2,0,4,9,2,8,16,17,8,4,5
49,Mirassol FC,Atlético Mineiro,2,2,20,16,7,9,4,4,9,7,5,11,11,5,1,3
50,Ceará SC,São Paulo FC,1,1,7,14,4,4,3,1,3,2,18,12,13,19,1,1
51,Sport Recife,Fortaleza EC,0,0,16,11,6,3,1,8,6,6,7,11,11,9,2,3
52,Botafogo FR,Fluminense FC,2,0,15,8,7,5,1,5,6,3,9,20,21,9,2,2
53,CR Flamengo,SC Corinthians,4,0,17,8,7,4,2,2,10,3,12,14,14,12,2,2
54,SE Palmeiras,EC Bahia,0,1,21,11,13,5,4,1,6,4,14,11,12,16,4,1
55,Cruzeiro EC,CR Vasco da Gama,1,0,11,15,6,6,5,3,4,8,12,18,18,12,1,0
56,EC Vitória,Grêmio FBPA,1,1,14,11,4,2,7,2,6,2,10,20,20,11,1,2
57,Santos FC,RB Bragantino,1,2,19,16,10,5,4,2,6,10,15,13,13,15,3,1
58,São Paulo FC,Fortaleza EC,0,0,14,17,6,7,1,4,5,13,17,13,15,19,2,1
59,Fluminense FC,Sport Recife,2,1,20,11,8,2,4,6,10,6,13,12,12,13,0,6
60,SC Corinthians,SC Internacional,4,2,22,8,8,3,2,5,3,7,12,10,11,13,3,3
61,Ceará SC,EC Vitória,1,0,18,12,6,6,3,7,3,3,29,14,15,31,5,3
62,EC Bahia,Botafogo FR,1,0,9,16,4,4,4,1,3,3,5,10,11,7,2,0
63,CR Vasco da Gama,SE Palmeiras,0,1,13,16,4,11,1,4,7,11,8,11,11,8,1,2
64,Cruzeiro EC,CR Flamengo,2,1,17,6,2,2,3,9,6,5,7,18,18,9,2,1
65,RB Bragantino,Mirassol FC,1,0,15,12,7,6,3,3,4,4,11,8,8,12,1,0
66,EC Juventude,Atlético Mineiro,0,1,13,26,4,4,6,5,3,5,15,11,12,16,2,3
67,Fortaleza EC,EC Juventude,5,0,20,4,5,1,1,8,5,4,13,13,13,14,0,3
68,Mirassol FC,SC Corinthians,2,1,14,10,6,3,2,3,4,5,17,12,14,19,4,0
69,Grêmio FBPA,RB Bragantino,1,1,16,11,7,7,2,2,6,4,11,14,14,11,0,4
70,EC Vitória,CR Vasco da Gama,2,1,12,16,4,6,4,2,6,3,16,7,7,17,1,0
71,CR Flamengo,EC Bahia,1,0,14,6,3,4,2,3,8,2,8,10,11,9,3,1
72,Sport Recife,Cruzeiro EC,0,4,11,17,7,9,3,4,7,4,5,11,11,5,0,2
73,SE Palmeiras,São Paulo FC,1,0,17,6,10,2,2,3,10,1,15,11,12,16,2,0
74,Atlético Mineiro,Fluminense FC,3,2,14,5,5,2,0,2,10,0,6,15,15,7,3,0
75,Botafogo FR,SC Internacional,4,0,12,19,4,8,5,1,2,7,9,11,11,10,2,1
76,Santos FC,Ceará SC,0,0,14,13,6,7,6,1,9,6,19,11,11,21,5,3
77,Ceará SC,Sport Recife,2,0,7,9,2,4,4,1,5,8,13,12,14,16,3,2
78,CR Vasco da Gama,Fortaleza EC,3,0,14,10,4,6,3,4,4,7,10,11,12,11,3,1
79,São Paulo FC,Grêmio FBPA,2,1,20,3,9,0,2,3,8,3,12,14,14,13,1,0
80,SC Corinthians,Santos FC,1,0,11,6,5,3,1,1,5,3,13,8,8,14,0,0
81,EC Bahia,EC Vitória,2,1,8,23,3,11,7,0,1,10,23,11,12,23,0,1
82,EC Juventude,Fluminense FC,1,1,9,17,5,5,6,0,5,5,13,15,18,13,0,0
83,CR Flamengo,Botafogo FR,0,0,15,8,4,5,2,3,7,3,23,9,9,23,2,2
84,RB Bragantino,SE Palmeiras,1,2,9,15,3,3,3,1,8,12,12,15,15,12,1,0
85,Cruzeiro EC,Atlético Mineiro,0,0,21,7,8,4,3,4,15,1,16,14,15,17,1,2
86,SC Internacional,Mirassol FC,1,1,25,8,8,3,1,11,6,2,9,10,10,10,1,3
87,Fluminense FC,CR Vasco da Gama,2,1,17,7,10,4,1,4,6,2,15,11,11,16,0,1
88,São Paulo FC,Mirassol FC,0,2,13,6,2,3,1,3,5,4,10,18,19,11,0,1
89,Atlético Mineiro,SC Corinthians,0,0,13,6,8,6,0,3,1,1,18,24,24,18,0,0
90,Grêmio FBPA,EC Bahia,1,0,9,16,5,9,3,1,4,17,12,7,10,13,2,2
91,SE Palmeiras,CR Flamengo,0,2,13,7,4,1,1,3,3,3,17,13,13,18,2,1
92,Sport Recife,SC Internacional,1,1,14,17,6,8,2,3,6,4,10,10,11,10,3,1
93,EC Vitória,Santos FC,0,1,19,8,8,4,1,8,5,5,15,16,16,15,2,1
94,Fortaleza EC,Cruzeiro EC,0,2,10,17,4,5,6,1,6,8,10,12,14,10,0,2
95,RB Bragantino,EC Juventude,1,0,12,7,4,4,2,4,6,2,22,17,17,22,1,0
96,Botafogo FR,Ceará SC,3,2,16,9,4,4,1,7,6,0,10,12,12,11,2,3
97,EC Bahia,São Paulo FC,2,1,13,14,2,5,3,5,5,3,10,13,13,11,2,2
98,CR Vasco da Gama,RB Bragantino,0,2,20,4,8,1,1,4,7,3,9,12,13,9,1,2
99,EC Juventude,Grêmio FBPA,0,2,14,18,4,8,7,5,5,7,15,11,11,15,4,0
100,CR Flamengo,Fortaleza EC,5,0,16,11,3,4,3,8,2,4,9,10,10,11,2,2
101,SC Corinthians,EC Vitória,0,0,12,6,6,3,2,3,8,3,15,7,8,16,5,2
102,Ceará SC,Atlético Mineiro,0,1,14,8,8,3,3,3,8,8,15,14,15,16,3,3
103,Cruzeiro EC,SE Palmeiras,2,1,14,18,8,5,4,1,5,13,13,17,17,13,2,0
104,SC Internacional,Fluminense FC,0,2,15,8,4,4,1,4,9,1,10,13,13,10,1,1
105,RB Bragantino,EC Bahia,0,3,9,14,6,7,3,2,4,1,10,3,3,11,1,0
106,EC Vitória,Cruzeiro EC,0,0,9,18,4,10,2,2,9,4,16,16,16,18,4,4
107,Fortaleza EC,Santos FC,2,3,32,8,10,4,1,8,15,0,15,16,16,17,5,2
108,Grêmio FBPA,SC Corinthians,1,1,16,12,4,5,2,5,4,6,12,12,13,12,1,3
109,São Paulo FC,CR Vasco da Gama,1,3,11,14,5,4,6,3,4,3,17,18,18,17,0,1
110,Atlético Mineiro,SC Internacional,2,0,13,10,6,6,2,2,6,5,14,13,18,14,5,0
111,Botafogo FR,Mirassol FC,3,3,15,12,7,5,3,1,6,5,10,17,18,11,1,1
112,SE Palmeiras,EC Juventude,4,1,19,8,6,6,0,6,6,0,14,9,9,15,1,0
113,Fluminense FC,Ceará SC,1,0,12,6,5,6,0,4,9,3,9,17,17,10,2,2
114,Sport Recife,CR Flamengo,1,5,7,36,2,14,7,1,4,15,5,5,5,5,0,1
115,CR Flamengo,São Paulo FC,2,0,22,6,4,3,0,8,7,1,8,9,12,9,0,2
116,SC Internacional,EC Vitória,1,0,20,11,9,4,4,2,2,5,13,15,15,14,2,1
117,CR Vasco da Gama,Botafogo FR,0,2,11,21,3,10,4,5,5,3,13,11,12,14,0,1
118,EC Bahia,Atlético Mineiro,2,1,18,10,9,4,1,3,4,7,11,12,12,11,0,0
119,SC Corinthians,RB Bragantino,1,2,13,9,3,2,2,6,10,2,14,17,18,16,3,0
120,Cruzeiro EC,Grêmio FBPA,4,1,17,11,5,7,1,5,6,3,10,14,14,10,1,1
121,Fortaleza EC,Ceará SC,0,1,13,14,5,8,2,0,3,5,13,11,12,13,5,4
122,EC Juventude,Sport Recife,2,0,5,21,2,7,5,1,1,8,15,17,17,15,2,2
123,Mirassol FC,Fluminense FC,2,1,11,12,3,7,2,4,5,5,13,12,13,13,3,0
124,Santos FC,SE Palmeiras,1,0,17,11,7,6,4,4,8,5,14,10,11,15,0,2
125,SE Palmeiras,Mirassol FC,1,1,16,4,8,0,0,2,7,3,16,13,13,17,2,2
126,Ceará SC,SC Corinthians,0,1,16,5,8,3,1,2,7,3,12,16,16,12,2,2
127,Santos FC,CR Flamengo,1,0,8,10,2,3,5,2,3,8,14,16,16,15,1,0
128,Botafogo FR,EC Vitória,0,0,23,8,11,4,1,7,6,5,16,9,10,19,1,1
129,RB Bragantino,São Paulo FC,2,2,17,14,7,7,3,1,6,4,17,11,11,18,0,0
130,Fluminense FC,Cruzeiro EC,0,2,28,8,16,3,3,7,7,2,12,12,12,13,0,2
131,Grêmio FBPA,Fortaleza EC,2,1,10,12,4,5,2,2,2,5,26,22,24,26,0,1
132,EC Juventude,CR Vasco da Gama,2,0,10,14,3,8,2,2,1,5,10,9,9,11,3,0
133,EC Bahia,SC Internacional,1,0,18,9,7,6,2,6,6,5,13,7,9,13,0,1
134,Fortaleza EC,EC Bahia,1,1,15,17,8,9,3,1,9,3,6,14,16,6,3,2
135,CR Vasco da Gama,Grêmio FBPA,1,1,31,9,12,4,3,6,12,2,14,15,16,15,1,1
136,Mirassol FC,Santos FC,3,0,19,8,3,6,0,8,9,2,9,14,16,9,3,2
137,São Paulo FC,SC Corinthians,2,0,16,9,7,4,3,1,6,5,7,17,18,9,0,0
138,SC Internacional,Ceará SC,1,0,10,9,3,4,2,3,7,5,6,14,14,6,4,5
139,Cruzeiro EC,EC Juventude,4,0,16,6,7,4,1,3,8,3,10,15,15,10,1,0
140,EC Vitória,RB Bragantino,1,0,9,15,4,8,2,1,2,5,13,15,18,13,2,0
141,SE Palmeiras,Atlético Mineiro,3,2,18,6,5,3,1,5,9,0,16,22,22,16,1,0
142,Sport Recife,Botafogo FR,0,1,12,13,6,7,4,5,6,4,10,12,12,10,1,1
143,CR Flamengo,Fluminense FC,1,0,9,6,4,3,2,2,8,3,6,14,14,6,1,2
144,Fluminense FC,SE Palmeiras,1,2,17,9,6,1,2,0,5,3,14,13,13,15,0,1
145,Ceará SC,Mirassol FC,0,2,22,4,8,0,1,8,14,6,10,12,13,10,1,1
146,SC Corinthians,Cruzeiro EC,0,0,7,14,2,5,4,3,4,2,14,19,19,17,2,1
147,Santos FC,SC Internacional,1,2,21,11,10,6,2,6,8,2,10,16,17,11,1,1
148,RB Bragantino,CR Flamengo,1,2,10,14,6,5,4,1,2,3,16,10,11,18,2,3
149,EC Vitória,Sport Recife,2,2,26,20,9,7,7,8,6,10,16,12,12,16,1,1
150,EC Juventude,São Paulo FC,0,1,8,16,4,6,2,0,4,8,11,13,15,12,0,0
151,CR Vasco da Gama,EC Bahia,3,1,19,9,9,4,2,4,6,2,10,20,20,13,1,1
152,Grêmio FBPA,Botafogo FR,1,1,17,12,9,6,3,3,7,1,15,7,7,17,1,1
153,Atlético Mineiro,Fortaleza EC,3,3,17,12,4,6,2,5,9,6,10,15,15,10,2,1
154,Botafogo FR,SC Corinthians,1,1,11,12,4,4,4,2,6,2,14,18,20,14,1,1
155,Mirassol FC,EC Vitória,1,1,15,15,4,6,6,6,8,5,10,11,12,14,0,1
156,Fortaleza EC,RB Bragantino,3,1,21,10,6,3,3,5,9,5,13,16,16,13,1,2
157,Sport Recife,Santos FC,2,2,16,9,7,1,3,3,4,3,17,24,25,17,4,3
158,SE Palmeiras,Grêmio FBPA,1,0,10,5,5,1,3,2,2,3,21,19,20,21,0,1
159,São Paulo FC,Fluminense FC,3,1,15,7,3,3,0,5,7,3,9,12,13,11,3,0
160,Cruzeiro EC,Ceará SC,1,2,16,9,7,3,1,3,10,3,11,7,8,11,0,4
161,SC Internacional,CR Vasco da Gama,1,1,27,15,4,4,4,6,10,5,13,9,10,14,3,1
162,EC Bahia,EC Juventude,3,0,17,3,5,2,0,5,2,1,13,16,18,15,1,1
163,CR Flamengo,Atlético Mineiro,1,0,16,13,3,6,4,5,5,7,13,17,18,14,0,2
164,Sport Recife,EC Bahia,0,0,5,14,4,10,2,1,3,6,7,11,12,8,1,0
165,Mirassol FC,CR Vasco da Gama,3,2,13,11,5,3,4,1,4,4,12,11,12,14,1,0
166,Fluminense FC,Grêmio FBPA,1,0,9,9,5,5,0,0,6,4,17,11,11,17,0,1
167,Botafogo FR,Cruzeiro EC,0,2,11,11,7,4,2,2,6,5,6,13,15,7,1,2
168,SC Corinthians,Fortaleza EC,1,1,18,8,9,3,2,4,5,3,15,10,10,16,3,4
169,Atlético Mineiro,RB Bragantino,2,1,29,4,13,1,2,7,9,0,10,12,13,11,1,3
170,Ceará SC,CR Flamengo,1,1,9,14,5,7,3,3,3,7,12,14,14,12,4,2
171,EC Vitória,SE Palmeiras,2,2,15,14,7,8,2,4,6,2,20,12,13,21,3,2
172,SC Internacional,São Paulo FC,1,2,11,9,3,1,2,3,4,5,18,22,23,19,0,3
173,Santos FC,EC Juventude,3,1,19,20,7,7,9,5,3,8,17,18,18,17,0,3
174,CR Flamengo,Mirassol FC,2,1,24,13,4,5,4,7,11,10,13,23,23,13,0,1
175,São Paulo FC,EC Vitória,2,0,23,5,11,2,1,1,4,3,10,16,16,10,0,2
176,RB Bragantino,SC Internacional,1,3,17,14,3,5,3,6,8,6,10,6,7,12,1,4
177,Fortaleza EC,Botafogo FR,0,5,9,21,3,5,7,1,2,8,12,8,8,12,1,1
178,EC Bahia,Fluminense FC,3,3,17,8,4,3,2,4,8,2,13,17,17,13,0,1
179,CR Vasco da Gama,Atlético Mineiro,1,1,15,17,8,7,3,3,6,10,9,10,10,9,0,2
180,SE Palmeiras,Ceará SC,2,1,8,7,3,2,3,3,3,3,10,7,8,12,5,3
181,Cruzeiro EC,Santos FC,1,2,19,9,10,5,0,3,15,3,10,17,17,12,2,3
182,Grêmio FBPA,Sport Recife,0,1,14,11,8,8,2,6,3,2,17,10,10,19,1,2
183,EC Juventude,SC Corinthians,2,1,12,11,5,6,2,2,3,2,10,21,22,12,1,1
184,Fluminense FC,Fortaleza EC,2,1,10,12,4,3,5,1,2,6,17,8,10,18,0,1
185,Ceará SC,RB Bragantino,1,0,10,9,4,6,2,3,3,4,15,23,23,16,2,1
186,EC Vitória,EC Juventude,2,2,18,13,7,4,2,2,4,6,14,8,9,14,2,3
187,Sport Recife,São Paulo FC,2,2,8,18,3,5,5,3,4,10,18,14,17,19,0,1
188,SC Corinthians,EC Bahia,1,2,24,7,12,1,3,7,9,1,20,12,15,21,6,1
189,Santos FC,CR Vasco da Gama,0,6,7,14,3,1,3,2,3,3,12,10,11,12,4,2
190,Atlético Mineiro,Grêmio FBPA,1,3,10,8,5,3,1,2,4,4,12,18,19,12,1,0
191,SC Internacional,CR Flamengo,1,3,14,16,5,6,0,5,10,5,7,11,12,8,1,3
192,Botafogo FR,SE Palmeiras,0,1,15,9,4,5,1,6,4,3,6,6,7,6,2,3
193,Mirassol FC,Cruzeiro EC,1,1,21,8,12,3,2,2,7,2,13,15,16,13,2,2
194,RB Bragantino,Fluminense FC,4,2,8,21,2,7,5,1,2,11,9,17,18,9,0,1
195,Cruzeiro EC,SC Internacional,2,1,15,4,5,1,2,5,5,1,17,10,10,18,0,3
196,Grêmio FBPA,Ceará SC,0,0,13,15,5,7,4,5,4,1,12,13,14,12,2,0
197,CR Vasco da Gama,SC Corinthians,2,3,12,14,5,6,4,1,3,5,17,15,16,20,1,2
198,EC Bahia,Santos FC,2,0,12,8,4,2,3,2,3,0,15,12,12,17,1,1
199,Fortaleza EC,Mirassol FC,0,1,14,7,3,1,3,6,11,3,13,14,15,13,2,1
200,EC Juventude,Botafogo FR,1,3,16,13,6,5,3,5,5,3,17,10,10,17,2,0
201,SE Palmeiras,Sport Recife,3,0,22,10,11,5,1,5,6,3,12,14,14,12,1,1
202,CR Flamengo,EC Vitória,8,0,20,2,4,1,1,2,8,1,4,17,17,6,0,2
203,Ceará SC,EC Juventude,0,1,13,10,2,6,1,7,4,5,25,17,17,26,2,0
204,Botafogo FR,RB Bragantino,4,1,17,7,8,2,2,2,6,8,15,10,10,15,6,1
205,Cruzeiro EC,São Paulo FC,1,0,12,14,2,4,5,6,6,9,8,10,11,9,1,1
206,CR Flamengo,Grêmio FBPA,1,1,21,6,8,4,0,4,13,0,11,16,18,11,1,1
207,Santos FC,Fluminense FC,0,0,9,5,5,3,0,2,6,1,18,12,13,19,7,1
208,SC Corinthians,SE Palmeiras,1,1,9,19,5,8,6,1,3,10,16,17,18,16,1,2
209,Mirassol FC,EC Bahia,5,1,15,15,2,5,5,5,4,2,6,13,13,7,2,0
210,EC Vitória,Atlético Mineiro,1,0,14,19,7,10,5,3,2,5,12,20,20,13,3,3
211,SC Internacional,Fortaleza EC,2,1,14,10,4,2,2,3,4,5,12,15,16,14,1,3
212,Sport Recife,CR Vasco da Gama,2,3,14,10,5,2,4,2,10,5,9,7,9,10,3,0
213,Grêmio FBPA,Mirassol FC,0,1,14,16,7,8,5,5,6,3,15,12,13,15,2,0
214,Fortaleza EC,EC Vitória,2,0,13,11,3,7,3,3,4,2,15,14,14,15,0,0
215,SE Palmeiras,SC Internacional,4,1,20,7,5,4,2,4,7,1,15,10,10,16,5,0
216,Fluminense FC,SC Corinthians,0,1,16,2,3,0,0,4,5,4,18,15,16,19,0,1
217,RB Bragantino,Sport Recife,1,1,21,16,10,3,7,8,5,7,10,10,11,11,2,0
218,Atlético Mineiro,Santos FC,1,1,17,12,8,4,4,4,7,3,14,12,12,15,1,0
219,EC Juventude,CR Flamengo,0,2,6,13,1,4,2,1,6,7,11,16,16,12,2,0
220,São Paulo FC,Botafogo FR,1,0,11,12,6,6,2,2,4,4,14,11,11,14,5,0
221,CR Vasco da Gama,Ceará SC,2,2,17,12,8,5,5,4,3,3,10,19,19,10,1,2
222,EC Bahia,Cruzeiro EC,1,2,13,10,4,5,1,4,6,5,12,11,11,12,1,0
223,EC Vitória,Fluminense FC,0,1,17,11,8,4,3,4,10,6,14,17,17,14,3,1
224,Botafogo FR,Atlético Mineiro,1,0,8,13,3,7,2,1,7,4,8,13,14,9,1,0
225,Ceará SC,EC Bahia,1,1,15,14,9,8,4,4,3,6,11,13,13,11,0,3
226,SE Palmeiras,Fortaleza EC,4,1,23,8,7,0,4,6,11,2,14,11,11,15,2,3
227,Mirassol FC,EC Juventude,2,0,16,12,6,5,3,2,4,11,10,10,10,10,1,0
228,CR Flamengo,CR Vasco da Gama,1,1,14,11,6,4,3,2,3,7,12,14,15,12,0,0
229,SC Internacional,Grêmio FBPA,2,3,19,6,10,3,0,4,8,1,13,18,18,15,0,2
230,Sport Recife,SC Corinthians,1,0,12,19,4,8,4,3,8,7,8,17,17,9,3,1
231,Santos FC,São Paulo FC,1,0,19,4,6,3,1,3,4,3,16,15,16,17,1,2
232,Cruzeiro EC,RB Bragantino,2,1,13,8,9,2,5,1,7,4,17,9,10,18,0,1
233,Fortaleza EC,Sport Recife,1,0,15,12,7,3,6,3,8,5,16,17,17,16,1,3
234,CR Vasco da Gama,Cruzeiro EC,2,0,12,21,3,11,4,2,3,9,12,13,13,13,0,1
235,EC Juventude,SC Internacional,1,1,14,5,4,3,1,2,7,1,18,20,20,18,1,1
236,Atlético Mineiro,Mirassol FC,1,0,11,26,2,12,5,4,4,11,8,11,11,8,0,2
237,Grêmio FBPA,EC Vitória,3,1,10,6,1,1,3,3,1,5,10,6,8,13,1,2
238,Fluminense FC,Botafogo FR,2,0,8,12,3,8,1,1,4,2,11,10,10,13,4,1
239,EC Bahia,SE Palmeiras,1,0,12,11,4,6,4,4,1,4,18,12,13,18,1,3
240,RB Bragantino,Santos FC,2,2,8,18,3,5,5,0,5,7,10,10,10,11,1,1
241,SC Corinthians,CR Flamengo,1,2,16,13,6,7,0,4,5,3,19,14,16,21,0,0
242,São Paulo FC,Ceará SC,0,1,15,7,9,0,5,2,7,3,17,12,14,18,0,0
243,Atlético Mineiro,EC Juventude,0,0,13,6,8,2,2,1,5,1,15,11,12,16,2,2
244,SE Palmeiras,CR Vasco da Gama,3,0,11,9,3,5,3,3,1,3,15,7,7,15,2,0
245,Mirassol FC,RB Bragantino,1,1,14,13,6,4,3,5,12,5,17,12,13,18,2,0
246,Sport Recife,Fluminense FC,2,2,12,11,2,4,3,2,3,1,13,15,15,13,3,2
247,SC Internacional,SC Corinthians,1,1,10,5,2,2,1,3,3,4,16,21,21,16,4,1
248,Botafogo FR,EC Bahia,2,1,15,10,5,5,1,6,6,4,9,19,19,10,2,0
249,Santos FC,Grêmio FBPA,1,1,24,4,13,1,0,6,10,0,16,19,20,18,1,1
250,EC Vitória,Ceará SC,1,0,9,13,4,9,3,1,6,3,15,14,14,15,3,2
251,Fortaleza EC,São Paulo FC,0,2,24,8,9,4,1,5,8,6,9,12,12,9,0,0
252,CR Flamengo,Cruzeiro EC,0,0,15,11,5,2,5,2,4,2,17,16,16,19,1,1
253,Fluminense FC,Atlético Mineiro,3,0,14,5,2,0,1,7,4,2,13,11,12,14,3,2
254,SC Internacional,Botafogo FR,2,0,15,13,7,4,3,5,6,4,10,15,15,11,0,0
255,SC Corinthians,Mirassol FC,3,0,10,20,2,8,0,0,2,6,13,18,19,14,0,1
256,São Paulo FC,SE Palmeiras,2,3,12,14,6,4,3,3,4,7,12,12,12,12,1,0
257,EC Bahia,CR Flamengo,1,0,11,8,3,2,3,2,3,1,14,20,22,14,1,0
258,EC Juventude,Fortaleza EC,1,2,16,8,4,4,1,6,8,1,15,14,14,15,3,2
259,Cruzeiro EC,Sport Recife,1,1,27,17,12,7,4,6,10,3,15,9,11,15,5,1
260,Ceará SC,Santos FC,3,0,11,17,4,9,5,2,2,7,14,16,16,16,3,1
261,SE Palmeiras,RB Bragantino,5,1,26,6,6,3,1,7,8,3,14,7,9,14,2,1
262,Botafogo FR,CR Flamengo,0,3,16,11,9,5,1,5,3,2,16,18,21,17,0,0
263,Mirassol FC,SC Internacional,3,1,17,6,10,3,2,2,9,2,17,12,12,18,2,1
264,Sport Recife,Ceará SC,1,1,17,15,5,2,7,5,5,4,17,13,13,17,1,2
265,Santos FC,SC Corinthians,3,1,19,5,9,2,0,2,5,4,12,21,22,12,2,2
266,Atlético Mineiro,Cruzeiro EC,1,1,23,4,11,1,1,3,2,1,13,18,20,15,1,0
267,Fortaleza EC,CR Vasco da Gama,0,2,27,6,12,2,1,9,10,2,8,14,16,9,2,2
268,Grêmio FBPA,São Paulo FC,2,0,18,14,6,10,1,5,5,3,15,11,11,16,0,0
269,Fluminense FC,EC Juventude,1,0,13,9,6,5,1,0,8,2,18,12,12,18,0,1
270,EC Vitória,EC Bahia,2,1,9,11,1,4,4,3,4,3,7,20,20,8,0,3
271,SC Corinthians,Atlético Mineiro,1,0,13,8,6,3,1,0,5,3,20,15,15,20,3,1
272,Cruzeiro EC,Fortaleza EC,1,0,10,18,6,9,4,3,3,6,16,13,13,17,1,0
273,CR Flamengo,SE Palmeiras,3,2,8,20,2,5,7,1,1,8,16,12,13,16,1,0
274,Mirassol FC,São Paulo FC,3,0,12,10,3,5,3,6,3,7,15,11,11,17,0,5
275,SC Internacional,Sport Recife,2,0,13,13,5,5,2,3,3,6,11,17,18,13,4,2
276,Ceará SC,Botafogo FR,0,2,21,10,10,2,2,2,9,5,13,10,11,14,5,1
277,EC Bahia,Grêmio FBPA,4,0,23,13,7,7,1,4,11,5,11,8,9,12,0,0
278,EC Juventude,RB Bragantino,1,0,19,9,13,4,1,2,4,2,21,24,24,22,0,3
279,CR Vasco da Gama,Fluminense FC,2,0,11,12,3,4,4,3,1,4,18,14,15,19,0,0
280,Santos FC,EC Vitória,0,1,13,10,6,5,1,4,3,3,17,13,13,18,1,1
281,Atlético Mineiro,Ceará SC,1,0,6,16,1,6,6,2,3,7,12,9,9,13,2,0
282,EC Vitória,SC Corinthians,0,1,11,11,7,2,4,2,5,6,11,22,23,13,3,2
283,Fluminense FC,SC Internacional,1,0,21,8,8,4,0,6,6,3,9,12,13,10,1,1
284,Sport Recife,Mirassol FC,1,2,11,14,3,3,3,2,7,1,8,6,6,9,1,3
285,Fortaleza EC,CR Flamengo,1,0,9,14,2,5,3,3,4,5,10,10,10,10,1,2
286,São Paulo FC,EC Bahia,2,0,5,18,3,11,3,0,5,11,13,10,10,13,4,1
287,Botafogo FR,Santos FC,2,2,18,9,6,1,5,7,6,6,6,14,14,8,4,0
288,Grêmio FBPA,EC Juventude,3,1,20,9,9,3,3,4,4,3,32,11,11,32,1,0
289,RB Bragantino,CR Vasco da Gama,0,3,11,8,4,2,2,1,5,3,6,10,11,7,1,0
290,SE Palmeiras,Cruzeiro EC,0,0,13,10,8,3,4,4,4,8,16,24,24,16,2,1
291,Santos FC,Fortaleza EC,1,1,15,13,7,2,7,4,7,4,20,14,15,22,2,2
292,Cruzeiro EC,EC Vitória,3,1,13,10,3,1,6,7,5,3,11,15,15,11,1,1
293,Mirassol FC,Botafogo FR,0,0,10,10,6,5,1,1,7,2,22,11,11,22,2,0
294,CR Flamengo,Sport Recife,3,0,24,4,11,0,2,7,9,8,14,14,16,15,0,3
295,SC Corinthians,Grêmio FBPA,2,0,13,14,6,7,3,2,5,8,7,13,14,8,0,1
296,EC Bahia,RB Bragantino,2,1,17,7,5,3,2,4,4,3,19,11,11,20,1,2
297,Ceará SC,Fluminense FC,2,0,14,4,5,0,3,3,4,5,12,12,14,15,2,1
298,SC Internacional,Atlético Mineiro,0,0,21,6,4,1,2,8,7,1,9,16,18,10,4,0
299,EC Juventude,SE Palmeiras,0,2,12,14,1,3,3,10,4,1,15,15,16,15,0,2
300,CR Vasco da Gama,São Paulo FC,0,2,24,11,6,4,4,8,6,5,15,10,11,15,0,2
301,RB Bragantino,SC Corinthians,2,1,19,8,5,3,4,4,6,1,15,20,20,15,1,0
302,EC Vitória,SC Internacional,1,0,11,9,6,2,4,2,4,4,20,13,13,21,1,3
303,Sport Recife,EC Juventude,0,2,14,7,6,3,2,2,4,5,18,20,21,19,4,3
304,Botafogo FR,CR Vasco da Gama,3,0,23,12,6,6,0,7,8,3,11,9,10,11,3,0
305,Atlético Mineiro,EC Bahia,3,0,23,12,5,5,4,4,13,3,8,6,6,8,2,1
306,Grêmio FBPA,Cruzeiro EC,0,1,17,9,9,3,5,6,5,6,17,13,15,17,2,0
307,São Paulo FC,CR Flamengo,2,2,15,15,8,8,0,2,3,5,18,14,14,18,1,1
308,Fluminense FC,Mirassol FC,1,0,16,10,8,5,2,3,4,3,9,23,24,10,1,3
309,Ceará SC,Fortaleza EC,1,1,13,7,6,1,3,2,5,4,11,16,17,12,1,0
310,SE Palmeiras,Santos FC,2,0,31,9,9,5,2,11,13,5,8,9,11,8,0,2
311,Sport Recife,Atlético Mineiro,2,4,7,20,2,10,1,2,4,4,6,12,12,6,2,3
312,CR Vasco da Gama,EC Juventude,1,3,14,10,6,5,2,3,7,1,15,18,18,15,2,3
313,SC Internacional,EC Bahia,2,2,16,16,5,8,2,4,6,5,15,21,22,15,2,3
314,São Paulo FC,RB Bragantino,0,1,12,9,6,4,1,3,7,1,20,8,9,20,1,2
315,SC Corinthians,Ceará SC,0,1,16,7,5,3,3,5,9,4,19,7,7,20,2,4
316,Cruzeiro EC,Fluminense FC,0,0,15,8,10,4,2,5,5,1,16,15,16,16,2,1
317,EC Vitória,Botafogo FR,0,0,10,11,6,6,3,0,6,7,18,11,16,21,3,2
318,CR Flamengo,Santos FC,3,2,14,18,7,10,2,2,10,3,11,13,14,12,1,1
319,Mirassol FC,SE Palmeiras,2,1,17,15,4,3,5,6,8,8,15,13,15,17,2,0
320,Fortaleza EC,Grêmio FBPA,2,2,22,21,9,6,4,7,7,5,17,15,15,18,2,1
321,Botafogo FR,Sport Recife,3,2,27,15,9,5,2,6,7,5,7,11,11,7,1,3
322,Fluminense FC,CR Flamengo,2,1,9,13,4,5,3,1,3,5,12,12,14,12,2,4
323,Santos FC,Mirassol FC,1,1,17,16,6,8,1,5,5,7,12,13,13,12,2,1
324,Grêmio FBPA,CR Vasco da Gama,2,0,24,5,7,2,2,7,5,3,17,11,12,17,3,1
325,EC Juventude,Cruzeiro EC,3,3,12,17,3,6,5,4,3,9,10,18,19,13,1,2
326,EC Bahia,Fortaleza EC,2,3,24,11,7,4,2,7,10,2,14,6,6,14,1,2
327,SC Corinthians,São Paulo FC,3,1,13,6,7,0,1,1,4,5,16,15,15,17,0,2
328,Ceará SC,SC Internacional,1,2,10,16,4,4,4,3,3,5,15,8,8,15,4,2
329,RB Bragantino,EC Vitória,4,0,20,7,8,2,4,5,5,0,12,21,21,12,3,3
330,Atlético Mineiro,SE Palmeiras,0,3,33,12,14,5,2,9,10,6,15,15,16,15,0,1
331,Botafogo FR,Grêmio FBPA,3,2,16,11,4,5,3,4,7,1,7,16,17,8,2,0
332,CR Flamengo,RB Bragantino,3,0,23,5,8,3,2,6,4,6,18,10,10,19,2,0
333,São Paulo FC,EC Juventude,2,1,8,14,2,2,5,3,3,8,18,14,15,18,0,2
334,EC Bahia,CR Vasco da Gama,1,0,19,7,8,3,1,3,11,1,10,9,10,11,1,0
335,Sport Recife,EC Vitória,1,3,11,14,8,9,3,0,8,2,12,19,19,12,0,0
336,Cruzeiro EC,SC Corinthians,3,0,16,4,7,1,0,3,9,3,7,18,18,8,1,3
337,Mirassol FC,Ceará SC,3,0,7,14,0,9,2,2,6,12,9,10,11,10,3,3
338,SC Internacional,Santos FC,1,1,24,4,15,2,1,3,5,0,9,13,13,10,0,2
339,Fortaleza EC,Atlético Mineiro,1,0,15,9,7,2,4,3,9,2,10,7,9,10,0,1
340,Atlético Mineiro,CR Flamengo,1,1,8,15,3,7,3,3,2,4,8,10,10,8,2,2
341,Grêmio FBPA,SE Palmeiras,3,2,19,22,3,8,4,7,5,3,14,10,10,14,0,1
342,RB Bragantino,Fortaleza EC,0,1,18,8,9,2,1,3,8,3,7,10,10,9,4,0
343,Fluminense FC,São Paulo FC,6,0,16,5,3,3,1,5,3,4,10,7,8,11,0,2
344,EC Juventude,EC Bahia,1,1,18,15,3,6,3,5,7,5,15,15,17,15,4,2
345,CR Vasco da Gama,SC Internacional,5,1,16,14,5,6,4,3,3,4,14,12,13,14,4,3
346,Santos FC,Sport Recife,3,0,17,11,6,4,2,5,9,3,15,11,11,15,2,2
347,EC Vitória,Mirassol FC,2,0,16,25,8,8,9,1,3,9,9,15,15,11,0,3
348,Ceará SC,Cruzeiro EC,1,1,11,13,4,5,4,2,5,8,13,11,12,14,3,3
349,SC Corinthians,Botafogo FR,2,2,14,8,5,5,0,3,7,4,18,12,13,18,2,1
350,RB Bragantino,Atlético Mineiro,2,0,20,11,11,3,5,3,3,7,12,14,14,12,1,1
351,SE Palmeiras,EC Vitória,0,0,21,4,10,4,0,9,6,3,14,15,16,14,2,1
352,CR Vasco da Gama,Mirassol FC,0,2,14,8,4,1,2,5,10,1,8,19,21,10,0,3
353,Grêmio FBPA,Fluminense FC,1,2,16,6,5,2,0,6,10,0,12,14,14,14,2,0
354,Fortaleza EC,SC Corinthians,2,1,10,20,3,6,6,1,0,7,15,15,15,18,5,0
355,EC Juventude,Santos FC,0,3,12,10,6,4,3,3,5,3,11,12,13,12,2,0
356,São Paulo FC,SC Internacional,3,0,12,15,4,6,4,4,4,9,19,16,16,19,0,2
357,EC Bahia,Sport Recife,2,0,27,7,11,3,3,12,6,2,11,11,11,11,2,1
358,CR Flamengo,Ceará SC,1,0,15,1,11,0,1,3,4,3,5,11,11,5,0,0
359,Cruzeiro EC,Botafogo FR,2,2,10,8,5,3,3,2,1,7,14,12,12,15,1,1
360,Mirassol FC,CR Flamengo,3,3,17,15,8,8,3,5,2,3,9,11,11,10,4,1
361,Fluminense FC,EC Bahia,2,0,12,14,4,5,5,3,5,4,18,12,12,22,0,2
362,Botafogo FR,Fortaleza EC,4,2,15,8,6,3,2,2,2,2,10,9,11,10,0,3
363,SC Corinthians,EC Juventude,1,1,14,16,6,8,3,2,4,7,17,17,18,17,2,3
364,Santos FC,Cruzeiro EC,3,0,19,8,7,2,4,4,9,3,10,7,8,12,1,5
365,Atlético Mineiro,CR Vasco da Gama,5,0,19,1,8,1,0,2,6,1,4,12,13,4,3,0
366,SC Internacional,RB Bragantino,3,1,15,6,6,1,2,1,2,4,15,15,18,15,3,4
367,EC Vitória,São Paulo FC,1,0,21,8,6,5,2,7,10,1,18,16,16,18,1,2
368,Ceará SC,SE Palmeiras,1,3,18,14,7,4,4,4,7,7,15,14,14,15,3,1
369,Sport Recife,Grêmio FBPA,0,4,11,13,3,2,4,3,1,5,15,6,6,15,1,2
